1-4,Adam,Abigail,Barker
5-8,Albert,Anne,Brown
9-12,Alfred,Beatrice,Butler
13-16,Allan,Blanche,Carter
17-20,Archibald,Catherine,Chapman
21-24,Arthur,Charlotte,Collins
25-28,Basil,Claire,Cook
29-32,Charles,Eleanor,Davies
33-36,Colin,Elizabeth,Gray
37-40,Donald,Emily,Green
41-44,Douglas,Emma,Harris
45-48,Edgar,Georgia,Jackson
49-52,Edmund,Harriet,Jones
53-56,Edward,Joan,Lloyd
57-60,George,Judy,Miller
61-64,Harold,Julia,Roberts
65-68,Henry,Lucy,Smith
69-72,Ian,Lydia,Taylor
73-76,James,Margaret,Thomas
77-80,John,Mary,Turner
81-84,Lewis,Molly,Watson
85-88,Oliver,Nora,White
89-92,Philip,Rosie,Williams
93-96,Richard,Sarah,Wood
97-100,William,Victoria,Young
